{"fragments": [{"start": 0, "end": 13.749999999999977, "fragment-type": "normal"}, {"start": 13.749999999999977, "end": 33.81666666666702, "fragment-type": "normal"}, {"start": 33.81666666666702, "end": 48.81666666666642, "fragment-type": "normal"}, {"start": 48.81666666666642, "end": 65.18333333333257, "fragment-type": "normal"}]}