{"fragments": [{"start": 0, "end": 1.25, "fragment-type": "normal"}, {"start": 1.25, "end": 6.749999999999993, "fragment-type": "normal"}, {"start": 6.749999999999993, "end": 17.24999999999996, "fragment-type": "normal"}, {"start": 17.24999999999996, "end": 18.75000000000001, "fragment-type": "normal"}]}