{"fragments": [{"start": 0, "end": 2.2500000000000027, "fragment-type": "normal"}, {"start": 2.2500000000000027, "end": 4.249999999999997, "fragment-type": "normal"}]}